,titles
0,5 Steps to Successful Selling – 1 audio CD
1,A View from the TOP – audio CD or MP3
2,Better Than Good – audio CDs
3,"Biscuits, Fleas, and Pump Handles – audio CD or MP3"
4,Born To Win – audio CD or MP3
5,Born to Win Seminar Library – CDs & DVDs
6,Changing the Picture – MP3 download
7,Closes Closes Closes – DVD
8,Conversation on Character – DVD
9,Conversation on Character – MP3 download
10,Courtship After Marriage – audio CDs
11,Developing the Qualities of Success – MP3 download
12,Embrace the Struggle – audio CD or MP3
13,Goals – 2 audio CDs (basic version)
14,Goals – DVD
15,"Goals: Set Them, Reach Them – audio CDs"
16,How to Be a Winner – audio CDs
17,How to Get What You Want – audio CDs
18,How to Stay Motivated – audio CD or MP3 package
19,Performance Planner – book
20,Qualities of Success – audio CDs
21,Raising Positive Kids in a Negative World – audio CDs
22,See You At The TOP – audio CDs
23,Sell Your Way to the TOP – audio CDs
24,sidebar
25,Blog Sidebar
26,Footer
